{
  "2D": 10465.4960007668,
  "3D": 5.89200019836426,
  "AFK": 15239.14599967,
  "Editor": 21017.9830036163,
  "Game": 1239.48300075531,
  "Script": 9307.1120018959
}