{
  "2D": 14876.9529976845,
  "3D": 5.89200019836426,
  "AFK": 22571.7940001488,
  "Editor": 38488.570002079,
  "Game": 4434.32600235939,
  "Script": 19171.3990018368
}