{
  "2D": 10433.5040006638,
  "3D": 5.89200019836426,
  "AFK": 15239.14599967,
  "Editor": 20201.058003664,
  "Game": 1185.53600096703,
  "Script": 8576.12600183487
}