{
  "2D": 12812.5029993057,
  "3D": 5.89200019836426,
  "AFK": 19238.6470000744,
  "Editor": 29811.0490016937,
  "Game": 2815.12400102615,
  "Script": 14177.5300011635
}