{
  "2D": 13523.2519991398,
  "3D": 5.89200019836426,
  "AFK": 22466.6540000439,
  "Editor": 32764.6910028458,
  "Game": 3010.41300153732,
  "Script": 16225.1340019703
}