{
  "2D": 22470.939997673,
  "3D": 5.89200019836426,
  "AFK": 37686.2940001488,
  "Editor": 55583.8080024719,
  "Game": 6064.78100347519,
  "Script": 27042.1950011253
}