{
  "2D": 11066.8030006886,
  "3D": 5.89200019836426,
  "AFK": 18782.6399998665,
  "Editor": 25173.0130035877,
  "Game": 2369.20700097084,
  "Script": 11731.11100173
}