{
  "2D": 16935.5369980335,
  "3D": 5.89200019836426,
  "AFK": 23713.7930002213,
  "Editor": 42447.3670022488,
  "Game": 5075.29700231552,
  "Script": 20430.6410017014
}