{
  "2D": 22428.9349975586,
  "3D": 5.89200019836426,
  "AFK": 37570.7830002308,
  "Editor": 52636.9510023594,
  "Game": 5884.77800369263,
  "Script": 24317.3460009098
}