{
  "2D": 14473.4369981289,
  "3D": 5.89200019836426,
  "AFK": 22571.7940001488,
  "Editor": 37048.0380020142,
  "Game": 4248.95800185204,
  "Script": 18320.7490019798
}