{
  "2D": 23143.6359977722,
  "3D": 5.89200019836426,
  "AFK": 37821.2920000553,
  "Editor": 62443.8970012665,
  "Game": 7014.10600376129,
  "Script": 32280.2629995346
}