{
  "2D": 1688.65300011635,
  "3D": 3.64100003242493,
  "AFK": 21.9969999790192,
  "Editor": 3311.99000072479,
  "Game": 132.359999895096,
  "Script": 1487.33600068092
}