{
  "2D": 14465.2849979401,
  "3D": 5.89200019836426,
  "AFK": 22571.7940001488,
  "Editor": 36962.0120017529,
  "Game": 4243.94000172615,
  "Script": 18246.8950018883
}