{
  "2D": 17229.4919979572,
  "3D": 5.89200019836426,
  "AFK": 23713.7930002213,
  "Editor": 42956.3210022449,
  "Game": 5208.28900241852,
  "Script": 20512.6480016708
}